"Timecode","Content","Content_zh"
"00:00:26,493 --> 00:00:28,328","Cambell: Hello? Schafer: Hello!","Cambell：喂？Schafer：你好！"
"00:00:28,328 --> 00:00:29,796","Cambell: It's open.","Cambell：門沒鎖。"
"00:00:45,245 --> 00:00:48,015","Oh, god.","天啊"
"00:00:48,015 --> 00:00:51,618","How many flights of these stairs are there?","這樓梯到底有幾層啊？"
"00:00:52,580 --> 00:00:55,140","[Heavy breathing] [Coughs]","[沉重的呼吸] [咳嗽]"
"00:00:55,620 --> 00:01:04,831","[Gasping] So out of shape.","[喘氣] 體力也太差了。"
"00:01:04,831 --> 00:01:07,234","Gonna die.","要死了"
"00:01:07,440 --> 00:01:15,360","[Deep breaths] [Knocking]","[深呼吸] [敲門]"
"00:01:15,360 --> 00:01:24,284","[Wheezing] Cambell: Hi, dude. Schafer: Hi.","[喘鳴] Cambell：嗨，老兄。Schafer：嗨。"
"00:01:24,284 --> 00:01:25,886","Scott Campbell. Cambell: You made it up the stairs.","Scott Campbell。Cambell：你真的爬上來了。"
"00:01:25,886 --> 00:01:28,188","Schafer: Do you wanna work on our adventure game?","Schafer：你想來做我們的冒險遊戲嗎？"
"00:01:29,589 --> 00:01:31,124","Cambell: Yes. Schafer: Okay.","Cambell：好。Schafer：好。"
"00:01:31,880 --> 00:02:04,291","[Music] Schafer: Ah, you wanna come to the stand up?","[音樂] Schafer：你要來站會嗎？"
"00:02:04,291 --> 00:02:05,625","Crook: Come and do our stand up. We're gonna have it right here.","Crook：來參加我們的站會吧。我們就在這裡開。"
"00:02:05,625 --> 00:02:07,060","Cambell: You guys stand up for the whole thing?","Cambell：你們為整件事站起來？"
"00:02:07,060 --> 00:02:08,395","Schafer: Come to our stand up. Cambell: Okay.","Schafer：來我們的站會吧。Cambell：好啊。"
"00:02:08,395 --> 00:02:09,628","I kind of have to use the...","我得用……"
"00:02:09,628 --> 00:02:10,796","you know... Schafer: Nope.","你懂的…… Schafer：不行。"
"00:02:10,797 --> 00:02:12,165","Cambell: ...you-know-what first. Schafer: Nope.","Cambell：……先去一下那個。Schafer：不行。"
"00:02:12,165 --> 00:02:13,467","Oh yeah?","是嗎？"
"00:02:13,467 --> 00:02:14,701","We were doing stand ups when you were here.","你以前在這裡時我們就有站會了。"
"00:02:14,701 --> 00:02:16,136","Kipnis: Ah, Scott, holy shit.","Kipnis：啊，Scott，靠。"
"00:02:16,136 --> 00:02:18,038","Hey! Cambell: Hey!","嘿！Cambell：嘿！"
"00:02:18,038 --> 00:02:20,640","Kipnis: Hey! Cambell: How are you?","Kipnis：嘿！Cambell：你好嗎？"
"00:02:20,640 --> 00:02:22,376","Is this how you guys always do it, just standing in the middle?","你們都這樣開嗎？就站在中間？"
"00:02:22,376 --> 00:02:26,079","Schafer: You stand in the middle and then you close your eyes and you lean and we pass the body around.","Schafer：你站在中間，閉上眼睛往後倒，然後我們把你傳來傳去。"
"00:02:26,079 --> 00:02:28,382","Rice: Good, how's it goin'? Cambell: Good, man.","Rice：很好，你呢？Cambell：不錯，老兄。"
"00:02:28,382 --> 00:02:30,617","Schafer: You know Brandon? Dillon: No, we haven't met before.","Schafer：你認識 Brandon 嗎？Dillon：不，我們之前沒見過。"
"00:02:30,617 --> 00:02:33,754","Schafer: Brandon, Scott Campbell. Cambell: Hey man.","Schafer：Brandon，Scott Campbell。Cambell：嘿，老兄。"
"00:02:33,754 --> 00:02:38,592","Skillman: Oh man, we're being filmed. Man, this is so awkward, but it's nice to see you.","Skillman：天啊，我們被拍了。真尷尬，不過很高興見到你。"
"00:02:38,592 --> 00:02:40,660","McGarry: Oh, it's on camera. What's up, buddy?","McGarry：喔，在拍啊。最近怎樣，兄弟？"
"00:02:40,660 --> 00:02:42,062","Good to see you.","很高興見到你"
"00:02:42,062 --> 00:02:43,664","Hackett: That's all we do around here is hug.","Hackett：我們這裡整天都在抱抱。"
"00:02:43,664 --> 00:02:46,600","Cambell: Hey, buddy. Hug sounds good, man.","Cambell：嘿，兄弟。擁抱聽起來不錯。"
"00:02:46,600 --> 00:02:48,335","Muir: I never met Peter Chan in person.","Muir：我從來沒親眼見過 Peter Chan。"
"00:02:48,335 --> 00:02:50,470","McGarry: I never met him either. Crook: Really?","McGarry：我也從沒見過他。Crook：真的？"
"00:02:50,860 --> 00:03:07,554","[Murmuring] Schafer: Bap-bee-dee-bap-bup-ba-da, buh-bum, ba-da-dum-dum-dum.","[低語聲] Schafer：Bap-bee-dee-bap-bup-ba-da，buh-bum，ba-da-dum-dum-dum。"
"00:03:07,554 --> 00:03:10,223","Ya-da-za-ha.","Ya-da-za-ha。"
"00:03:10,223 --> 00:03:13,527","Let's see, are we all here? Everyone here?","我看看，人都到了嗎？大家都在嗎？"
"00:03:13,527 --> 00:03:15,429","Hello, hello, everybody.","大家好，大家好。"
"00:03:15,429 --> 00:03:17,197","Hi, thanks for coming.","嗨，謝謝大家過來。"
"00:03:17,197 --> 00:03:20,600","Uh, please join me in welcoming some special guests we have here today.","請大家跟我一起歡迎今天的幾位特別來賓。"
"00:03:20,600 --> 00:03:22,803","We have from--some out-of-towners.","有幾位是從外地來的。"
"00:03:22,803 --> 00:03:26,740","We have Mr. Peter Chan over here, Peter Chan.","這邊有 Peter Chan 先生，Peter Chan。"
"00:03:26,740 --> 00:03:28,308","Hello.","你好"
"00:03:28,308 --> 00:03:34,147","[applause] Uh, we have Mr. Scott Campbell. Where's Scott Campbell?","[掌聲] 還有 Scott Campbell 先生。Scott Campbell 在哪？"
"00:03:34,147 --> 00:03:36,149","There's Scott Campbell! Yay, Scott Campbell.","Scott Campbell 在那裡！耶，Scott Campbell。"
"00:03:36,500 --> 00:03:42,389","[Applause] And we have, uh, Nathan ""Bagel"" Stapley.","[掌聲] 還有 Nathan ""Bagel"" Stapley。"
"00:03:42,389 --> 00:03:43,657","There he is.","他在那裡。"
"00:03:44,000 --> 00:03:48,295","[Applause] Anyone else coming in from out of town?","[掌聲] 還有誰是從外地來的嗎？"
"00:03:48,295 --> 00:03:49,796","Is anyone here? Great.","還有人嗎？很好。"
"00:03:49,796 --> 00:03:53,733","Um, we are doing, um, uh, an art jam for Reds.","嗯，我們正在替 Reds 辦一場美術集思會。"
"00:03:53,733 --> 00:03:55,869","Reds is the code name for our Double Fine Adventure.","Reds 是我們《Double Fine Adventure!》的代號。"
"00:03:55,869 --> 00:04:01,475","This last week, we did one of my favorite things, which was the art jam, which we got all our artists from across the country","上週我們做了我最喜歡的事之一，就是美術集思會，把全國各地的美術都找來"
"00:04:01,475 --> 00:04:08,048","here in this room sitting around one table just drawing and talking and pitching ideas back and forth.","聚在這個房間同一張桌子旁，一邊畫、一邊聊，互相拋想法。"
"00:04:08,048 --> 00:04:13,019","And we had Peter Chan who has been working with me since ""Monkey Island 2.""","我們找來了 Peter Chan，他從《Monkey Island 2》就跟我一起工作。"
"00:04:13,019 --> 00:04:17,423","We have Scott Campbell, who's here since the beginning of Double Fine.","還有 Scott Campbell，他從 Double Fine 創立初期就在這裡。"
"00:04:17,423 --> 00:04:22,796","And Nathan ""Bagel"" Stapley, who, um, whose art is gonna be featured front and center","還有 Nathan ""Bagel"" Stapley，他的美術會是這次的核心。"
"00:04:22,796 --> 00:04:28,502","in the Double Fine Adventure, and who has also been here since the beginning of Double Fine.","會放在《Double Fine Adventure!》最顯眼的位置，而且他也是 Double Fine 初期就在的人。"
"00:04:28,502 --> 00:04:33,573","It's good to see you guys, I haven't seen, you know, a lot of you in the office for a while, so it's awesome to have you here.","很高興見到你們。我已經好一陣子沒在辦公室看到你們了，所以你們能來真的很棒。"
"00:04:33,573 --> 00:04:38,345","Um, people who don't know who these guys are, ask somebody.","如果有人不知道他們是誰，去問旁邊的人。"
"00:04:38,345 --> 00:04:42,749","[Laughter] Cambell: You know, I'm excited. It's like a total reunion.","[笑聲] Cambell：我很興奮。這根本像大團圓。"
"00:04:42,749 --> 00:04:50,323","The last time we were all together was, um, beginning of ""Brütal Legend."" Peter was--Peter's been on, I think, every one of his projects.","上次我們全員聚在一起，是《Brütal Legend》剛開始的時候。Peter……我想 Tim 每個專案都有 Peter。"
"00:04:50,323 --> 00:04:54,494","Chan: Here that, uh, hired me. Right here.","Chan：就是這位，呃，當初雇用我的人。就在這裡。"
"00:04:54,494 --> 00:04:58,064","Gilbert: I hired more people in this industry than you know.","Gilbert：我在這行雇過的人比你想像的還多。"
"00:04:58,064 --> 00:05:03,203","Chan: Tim and everyone was going, ""We would like you to come back and help us out on this.""","Chan：Tim 和大家都說：「我們希望你回來幫我們做這個。」"
"00:05:03,203 --> 00:05:07,374","And that was the friendliest you've seen Ron right there, fellas.","各位，那大概就是你們看過 Ron 最親切的樣子了。"
"00:05:07,374 --> 00:05:14,848","To collaborate with, uh, these guys Ron and Tim again is, you know, is like the good old days, you know?","能再跟 Ron 和 Tim 這些人合作，就像回到以前的好時光。"
"00:05:14,848 --> 00:05:17,117","So I didn't want to pass that up.","所以我不想錯過這個機會。"
"00:05:17,117 --> 00:05:19,085","Schafer: Art is obviously really critical to graphic adventures.","Schafer：美術顯然對圖像冒險遊戲非常關鍵。"
"00:05:19,085 --> 00:05:23,690","It's part of the defining thing of like, ""Let's have an adventure game, but let's add not just text to it.","它的核心概念有一部分就是：「我們來做冒險遊戲，但不要只有文字。」"
"00:05:23,690 --> 00:05:28,528","Let's actually show the world."" And seeing beautiful worlds laid out in front of you","「我們真的把世界呈現出來。」看到美麗的世界展現在眼前，"
"00:05:28,528 --> 00:05:30,330","that inspire your imagination.","會激發你的想像力。"
"00:05:30,330 --> 00:05:36,069","Your desire to explore them is such an important thing, 'cause they don't have, um, you know,","你探索它們的渴望是件很重要的事 因為它們沒有……"
"00:05:36,069 --> 00:05:42,642","an RPG's progression drive, you know, or an addictive hook like collectables or something like that usually.","通常不像 RPG 那樣有升級推進力，也沒有收集品那種讓人上癮的誘因。"
"00:05:42,642 --> 00:05:52,018","It's just the--the thing that pulls you forward and keeps you going is the-- the extent to which we've ignited your desire to explore.","真正把你往前拉、讓你繼續玩下去的，就是我們能在多大程度上點燃你探索的慾望。"
"00:05:52,018 --> 00:05:57,824","So I was gonna go over the state of the game like storywise and what design there is on the game,","所以我想先講一下遊戲目前的狀態，像是故事進度，以及現在有了哪些設計，"
"00:05:57,824 --> 00:06:04,297","and then talk about, uh, art jam, too, a little bit, 'cause this is a little-- this is a little earlier than I think we did--","然後也稍微談一下美術集思會，因為這次比我印象中以前做的還要早一點……"
"00:06:04,297 --> 00:06:09,703","Like, when Peter--by the time Peter visited on ""Brütal,"" we already had a bunch of art that we then kind of bundled up","像 Peter 來參與《Brütal》的時候，我們已經有一堆美術素材，後來把它們整理起來"
"00:06:09,703 --> 00:06:11,338","and made the factions and stuff like that.","做成各個陣營之類的東西。"
"00:06:11,338 --> 00:06:13,273","This is, I think, a little earlier in the process.","我覺得這次是在流程更早期一點。"
"00:06:13,273 --> 00:06:20,747","I was hoping to-- I asked Greg to kind of get you guys here as soon as possible to help generate ideas while I'm designing the game,","我希望……我請 Greg 盡快把你們找來，在我設計遊戲時一起激發點子，"
"00:06:20,747 --> 00:06:23,316","'cause, um, the game could go so many different areas.","因為這款遊戲可以往很多不同方向發展。"
"00:06:23,316 --> 00:06:28,288","And I have this idea about the boy and the girl, but, you know, there's the spaceship, but there could be anything on the spaceship,","我已經有男孩和女孩的概念，但你知道，太空船在那裡，而太空船上可以有任何東西，"
"00:06:28,288 --> 00:06:36,296","and there's this pastoral world, but it could be any level of-- it could have anything in it right now, and I think a lot of these, I think coming up","還有這個田園世界，但它現在可以往任何方向發展，裡面也可以放任何東西。我覺得很多這類點子，"
"00:06:36,296 --> 00:06:40,233","with just visual ideas for cool places to go are just as valid a place to start as anything.","光是先想出一些很酷、值得去的地方的視覺概念，也跟任何起點一樣可行。"
"00:06:40,233 --> 00:06:48,875","Petty: This one is, we're at such an early state on, uh, Reds, that, um, you know, Tim-- Tim's only really identified","Petty：這次 Reds 還在非常早期的階段，所以 Tim……Tim 其實只確認了"
"00:06:48,875 --> 00:06:51,144","a few very specific things for us.","幾個很明確的東西給我們。"
"00:06:51,144 --> 00:06:55,181","Schafer: Right now, the green cards are characters-- these are the characters so far--","Schafer：現在綠色卡片是角色，這些是目前為止的角色。"
"00:06:55,181 --> 00:06:57,584","and the yellow cards are just story points.","黃色卡片只是故事節點。"
"00:06:57,584 --> 00:07:03,523","Um, I'm gonna be adding locations here and, um, puzzles in different colors.","我會在這裡加上地點，還有用不同顏色標出的謎題。"
"00:07:03,523 --> 00:07:05,525","I mean, I told them a lot about what we have.","我是說，我跟他們講了很多目前已經有的東西。"
"00:07:05,525 --> 00:07:12,299","That's really as far as the game has gone because, um, I've been doing a lot of business stuff, which is annoying.","遊戲目前真的就只到這個程度，因為我一直在處理很多商務上的事，很煩。"
"00:07:12,299 --> 00:07:16,336","Yeah, so I'm way behind on the design and the puzzles, but we did hire a business guy.","所以我在設計和謎題上落後很多，不過我們確實雇了一位商務人員。"
"00:07:16,336 --> 00:07:17,737","Rice: So that's good.","Rice：那很好"
"00:07:17,737 --> 00:07:19,606","Schafer: Which means I won't have to work on Hausen anymore.","Schafer：也就是說我不用再處理那些事了。"
"00:07:19,606 --> 00:07:24,344","But luckily, we just hired a business guy to come in and take care of that stuff.","幸好我們剛雇了一位商務人員進來處理那些事。"
"00:07:24,344 --> 00:07:29,683","Trying to get Brad's new project signed, and, uh, there were a lot of meetings at E3 and stuff.","像是努力讓 Brad 的新專案簽下來，還有 E3 一堆會議之類的。"
"00:07:29,683 --> 00:07:35,789","Um, you know, there's a few more details that only make sense to me, but, uh, um,","還有一些只有我自己看得懂的細節，不過，呃……"
"00:07:35,789 --> 00:07:41,094","I mostly gave those guys the heads up about where-- where everything is right now, yeah.","我主要是先讓他們知道目前所有東西進展到哪裡。"
"00:07:41,094 --> 00:07:45,031","Uh, it's a story about a boy and a girl, and they both have two different parallel stories going on,","這是關於一個男孩和一個女孩的故事，他們各自有兩條平行進行的故事線，"
"00:07:45,031 --> 00:07:47,434","and the player can jump back and forth between them.","玩家可以在兩邊來回切換。"
"00:07:47,434 --> 00:07:54,007","And the girl is, um, a young girl who's been chosen for this big honor that she finds out is actually being sacrificed","女孩是個年輕女孩，被選中接受一項莫大的榮耀，但她後來發現那其實是要把她獻祭"
"00:07:54,007 --> 00:07:56,476","to a horrible monster in order to save her town.","給可怕的怪物，好拯救她的城鎮。"
"00:07:56,476 --> 00:08:02,282","And her story is about choosing to break out of that arrangement and endanger her town","她的故事就是選擇打破這個安排，即使可能讓自己的城鎮陷入危險，"
"00:08:02,282 --> 00:08:05,051","and hopefully fight the monster and save her town.","並希望能對抗怪物、拯救城鎮。"
"00:08:05,051 --> 00:08:12,292","And then the boy is a, um-- has grown up alone on a spaceship, a giant, kind of organic spaceship","男孩則是……獨自在一艘太空船上長大，那是一艘巨大、有點像有機體的太空船，"
"00:08:12,292 --> 00:08:17,597","that takes care of his every needs and creates entertainment for him and takes care of his food and his health and everything,","會照顧他的所有需求，替他安排娛樂，照顧他的飲食、健康和一切。"
"00:08:17,597 --> 00:08:19,733","but he's all by himself out in space.","但他在太空中孤單一人。"
"00:08:19,733 --> 00:08:24,804","And it's about him actually finding out, um, how to take control of that ship","他的故事則是發現自己其實可以掌控那艘船，"
"00:08:24,804 --> 00:08:30,577","and get access to new secret areas and find out that he has the ability to actually, uh,","進入新的秘密區域，並發現自己其實有能力……"
"00:08:30,577 --> 00:08:33,545","have a higher purpose than just hanging out in this ship being entertained,","追求比待在船上被娛樂更高的目的，"
"00:08:33,546 --> 00:08:37,583","but he can actually go on rescue missions and save helpless creatures around the galaxy.","他其實可以出任救援任務，拯救銀河各處無助的生物。"
"00:08:37,583 --> 00:08:44,056","Chan: Like all the other adventure games, I think he had more landmarks already established.","Chan：像以前那些冒險遊戲，我覺得他已經先建立了比較多支柱。"
"00:08:44,057 --> 00:08:46,092","More tent poles, right?","比較多核心支柱，對吧？"
"00:08:46,092 --> 00:08:52,198","And, um, and then my job was to connect between them.","然後我的工作就是把那些支柱串起來。"
"00:08:52,198 --> 00:08:58,371","And this time around, yeah, there's less tent poles, and so it's our job to go in and try to figure out","這一次支柱比較少，所以我們的工作就是進去試著找出"
"00:08:58,371 --> 00:09:00,673","what the other places are right now.","其他地方現在會是什麼樣子。"
"00:09:00,673 --> 00:09:08,481","Basically, all we're doing is giving him enough of inspiration for him to run with it.","基本上，我們做的就是給他足夠的靈感，讓他可以接著發揮。"
"00:09:08,481 --> 00:09:15,288","Once he sees an image and his imagination starts, you know, uh, walking around in our drawings,","只要他看到一張圖，想像力開始在我們的畫裡四處遊走，"
"00:09:15,288 --> 00:09:18,358","he can then start to expand on that.","他就能從那裡開始延伸。"
"00:09:18,358 --> 00:09:20,760","That's how it always works with Tim.","Tim 一向都是這樣。"
"00:09:20,760 --> 00:09:26,466","Petty: On a creative direction standpoint, you know, Tim--I think Tim fishes a lot, you know?","Petty：從創意方向的角度來看，Tim……我覺得 Tim 很常在撒網找東西。"
"00:09:26,466 --> 00:09:32,372","And, um, he kind of gets these elements and then he makes unusual but cohesive connections","他會拿到這些元素，然後在元素之間做出不尋常但很有整體感的連結，"
"00:09:32,372 --> 00:09:34,007","between those elements, you know?","你懂我的意思吧？"
"00:09:34,007 --> 00:09:36,509","And I think that this will help that process for him.","我覺得這會幫助他完成那個過程。"
"00:09:36,509 --> 00:09:41,815","Other people maybe have-- have in mind a very specific mythology, and I think Tim's different in different games.","有些人腦中可能會有一套很明確的神話架構，而我覺得 Tim 在不同遊戲裡方法都不太一樣。"
"00:09:41,815 --> 00:09:47,187","Like, I think ""Brütal Legend,"" you know, he had a very, like, ""It's a roadie in this heavy metal fantasy world,","像《Brütal Legend》，他有一個很明確的概念：「這是一個重金屬奇幻世界裡的巡演技師，"
"00:09:47,187 --> 00:09:51,191","and it's based on the look of album covers,"" and Frazetta--some of the very early stuff.","視覺基礎是唱片封面，」還有 Frazetta，那些很早期的東西。"
"00:09:51,191 --> 00:09:57,297","A little more--a little more specific than some of this, but I think in the end, he just takes different ways to get there","那比這次某些東西更明確一點，但我覺得到頭來，他只是會用不同方式抵達目標，"
"00:09:57,297 --> 00:10:01,434","depending on what he feels the game needs or what the theme of the game is really about.","取決於他覺得遊戲需要什麼，或遊戲主題真正想談的是什麼。"
"00:10:01,434 --> 00:10:07,040","Schafer: But, um, it's still in the phase where just, like, everything is like, ""Yes, and that could be cool and this could be cool","Schafer：但它現在還在那種階段，所有東西都是：「對，那可能很酷，這個也可能很酷，"
"00:10:07,040 --> 00:10:10,143","and this could be cool,"" and just like, coming up with tons of art.","這個也可能很酷。」然後就是產出大量美術。"
"00:10:10,143 --> 00:10:14,614","That's my goal. All right?","這是我的目標 好嗎？"
"00:10:14,614 --> 00:10:21,054","Petty: There's these big gaps in the first two acts past the intro, and that's where I think we can help Tim the most.","Petty：前兩幕在開場之後還有很大的空白，我覺得那正是我們最能幫上 Tim 的地方。"
"00:10:21,360 --> 00:10:32,298","[Music] Schafer: It is--I'm joking, but it is like a dream team.","[音樂] Schafer：我是開玩笑的，但這真的像夢幻團隊。"
"00:10:32,298 --> 00:10:35,368","I mean, these are the best artists I know, and they're all here together.","我是說，這些都是我認識最棒的藝術家，而且他們全都聚在這裡。"
"00:10:35,520 --> 00:10:49,716","[Music] Cambell: Man, these are a little dry, dude.","[音樂] Cambell：老兄，這些有點乾了。"
"00:10:51,985 --> 00:10:53,620","Chan: Who makes this? Petty: Copic.","Chan：這是誰出的？Petty：Copic。"
"00:10:53,620 --> 00:10:57,590","These are Japanese markers and they're the best, because first, they got a square shape so they don't roll on your table.","這些是日本麥克筆，超好用。首先它們是方形的，所以不會在桌上滾來滾去。"
"00:10:57,590 --> 00:11:02,362","Right, and they got nice-- nice medium-sized tip, a very nice chisel tip.","對，而且筆頭很棒，是很好的中型斜角筆頭。"
"00:11:02,362 --> 00:11:07,667","And they--and they really can lay it down, so all you do to refill it is you just pull this sucker off like that.","而且它們很能上色。要補充墨水時，只要像這樣把這傢伙拔下來。"
"00:11:07,667 --> 00:11:10,570","And you can buy just tip replacements, too.","也可以只買替換筆頭。"
"00:11:12,105 --> 00:11:13,473","-Yeah. -Oh yeah.","-對。-喔，對。"
"00:11:13,473 --> 00:11:17,076","It's like, uh, I met some-- I met Chris.","就像，呃，我遇到了一些…… 我遇到了克里斯。"
"00:11:17,076 --> 00:11:20,246","Cambell: Like a steak--it's like a meat-- it's like a bacon steak root.","Cambell：就像牛排…… 就像肉……"
"00:11:20,246 --> 00:11:22,348","-Very nice. -One down.","-很不錯。-完成一個。"
"00:11:22,348 --> 00:11:24,517","Bagel: Yam. -Who else?","Bagel：山藥。-還有誰？"
"00:11:24,517 --> 00:11:25,852","Chan: So she starts exploring.","Chan：所以她開始探索"
"00:11:25,852 --> 00:11:30,657","When she reaches, like, pathways which are made of twigs, all right?","等她走到那種用樹枝做成的小路時，對吧？"
"00:11:30,657 --> 00:11:32,625","Schafer: Mm-hm. Chan: So there are some paths.","Schafer：嗯哼。Chan：所以那裡有一些路徑。"
"00:11:32,625 --> 00:11:37,430","Once she's on it, she won't sink anymore, so that--that automatically guides her through.","她一走上去就不會再下沉，所以那會自動引導她通過。"
"00:11:37,430 --> 00:11:39,199","Schafer: Textural. Chan: Now--awesome.","Schafer：很有質感。Chan：現在……很棒。"
"00:11:39,199 --> 00:11:43,803","Petty: When he wasn't looking, or when they needed to operate the ship, they started to like fold back, and they have all these like,","Petty：當他沒在看，或是他們需要操作飛船時，它們就會開始往後翻開，裡面有一堆像是"
"00:11:43,803 --> 00:11:47,774","um, like A.M. clock radio innards, and the arms come out and they start doing stuff","像 AM 時鐘收音機的內部構造，手臂會伸出來開始做事"
"00:11:47,774 --> 00:11:50,076","and he turns around and they're like back as a little bunny.","等他轉過身，它們又變回小兔子的樣子。"
"00:11:50,076 --> 00:11:56,215","Cambell: So, like, these people would be cruisin' around on like combs and brushes, dude, and they'd be combing the land like farming.","Cambell：所以這些人會騎著梳子和刷子到處跑，老兄，像耕田一樣梳理土地。"
"00:11:56,215 --> 00:11:59,652","So it'd be like farming style, but they'd be farming the trees and shit.","所以會有點像農耕風格，只是他們耕的是樹啊之類的。"
"00:11:59,652 --> 00:12:01,020","Schafer: Are they pulling out lice to eat or anything?","Schafer：他們會拔出蝨子來吃之類的嗎？"
"00:12:01,020 --> 00:12:02,555","Cambell: No, it'd just be really pretty.","Cambell：不，它會非常漂亮。"
"00:12:02,555 --> 00:12:08,428","That's the thing, they can be farming, harvesting all the bugs and shit, and then they could put it in their little harvester,","就是這樣，他們可以耕作、收成所有小蟲之類的東西，再放進他們的小收割機，"
"00:12:08,428 --> 00:12:13,466","but also making really cool shapes from the stuff that they create like that, you know what I mean?","也從他們創造的東西 造出很酷的形狀，你知道我的意思嗎？"
"00:12:13,466 --> 00:12:16,836","Chan: So, that's what we've got.","Chan：所以我們目前就是這些。"
"00:12:16,836 --> 00:12:24,177","Bagel: Yeah, I think we're getting closer to-- I think we're just trying to figure out like a language because-- since these things are gonna be 2D painting,","Bagel：對，我覺得我們越來越接近了。我們只是想找出一套語言，因為這些東西會是 2D 繪圖，"
"00:12:24,177 --> 00:12:28,281","I think we really just have to figure out the language of both worlds.","我覺得我們真的得找出兩個世界各自的視覺語言。"
"00:12:28,281 --> 00:12:30,450","And I think we're like getting...","我覺得我們正在……"
"00:12:30,450 --> 00:12:34,721","I think all these drawings, once we put them all up tomorrow and see what Tim says,","我覺得這些畫明天全部貼上去之後，再看 Tim 怎麼說，"
"00:12:34,721 --> 00:12:39,425","it'll even be just that next level of direction, you know?","就會再往下一個方向前進一層，你懂嗎？"
"00:12:39,425 --> 00:12:42,128","Cambell: But he just gets worried when you throw away your drawings.","Cambell：但你把畫丟掉時，他就會很緊張。"
"00:12:42,128 --> 00:12:48,267","I don't know if you saw that today, but we had some--some run-ins with some of the artists throwing away their work","不知道你今天有沒有看到，我們有幾次撞見一些藝術家把自己的作品丟掉，"
"00:12:48,267 --> 00:12:50,470","'cause they don't think it's good enough.","因為他們覺得不夠好"
"00:12:50,470 --> 00:12:53,606","Schafer: Don't let me bother you, I'm just looking at what you're drawing.","Schafer：別管我，我只是看看你在畫什麼。"
"00:12:53,606 --> 00:12:54,874","Those are pretty.","真漂亮"
"00:12:54,874 --> 00:12:58,244","Where'd that squid go? Bagel: Squid?","那隻烏賊去哪了？Bagel：烏賊？"
"00:12:58,244 --> 00:12:59,445","Petty: You were painting a squid earlier.","Petty：你剛纔在畫烏賊"
"00:12:59,445 --> 00:13:00,780","Bagel: Oh yeah, I threw it out, I threw it away.","Bagel：喔對，我丟了，把它丟掉了。"
"00:13:00,780 --> 00:13:02,181","Schafer: You threw it out? Petty: Oh!","Schafer：你把它丟了？Petty：喔！"
"00:13:02,181 --> 00:13:03,383","Schafer: You son of a-- Petty: We all liked it.","Schafer：你這個…… Petty：我們都很喜歡耶。"
"00:13:03,383 --> 00:13:04,584","Cambell: Why'd you throw that away, dude?","Cambell：老兄，你幹嘛把它丟掉？"
"00:13:04,584 --> 00:13:06,152","Bagel: Son of a monkey. Which one?","Bagel：猴崽子。哪一張？"
"00:13:06,152 --> 00:13:09,322","Petty: Get a whole sheet. Schafer: Oh my God, and you tore it in half?","Petty：拿一整張紙。Schafer：天啊，你還把它撕成兩半？"
"00:13:09,322 --> 00:13:11,491","Bagel: I can make another one.","Bagel：我可以再做一個"
"00:13:11,491 --> 00:13:12,759","Bagel: We'll make another one.","Bagel：我們再畫一張。"
"00:13:12,759 --> 00:13:14,027","Cambell: Dude, that whole fuckin' page.","Cambell：老兄，那可是整張該死的紙耶。"
"00:13:14,027 --> 00:13:15,295","Bagel: You guys liked it?","Bagel：你們喜歡嗎？"
"00:13:15,295 --> 00:13:17,196","Schafer: Yeah, we paid for that, we paid for that.","Schafer：對，我們可是有付錢的，我們付了錢。"
"00:13:17,196 --> 00:13:19,399","You pretty much just stole from the backers by tearing that up.","你把它撕掉，基本上就是在偷贊助者的東西。"
"00:13:19,399 --> 00:13:22,101","Bagel: Yeah. Cambell: Why'd you rip that up?","Bagel：是啊。Cambell：你為什麼把它撕掉？"
"00:13:22,101 --> 00:13:23,836","-You crazy, man? Bagel: I know.","-你瘋了嗎？Bagel：我知道。"
"00:13:23,836 --> 00:13:25,805","Cambell: That was the best shit, man.","Cambell：那張超讚的耶，老兄。"
"00:13:25,805 --> 00:13:30,009","Bagel: Now, uh-- I didn't think it was that great.","Bagel：呃，我不覺得它有那麼好。"
"00:13:30,009 --> 00:13:34,480","Yeah, he picked it out of the trash, my drawing.","對，他把我的畫從垃圾桶裡撿回來。"
"00:13:34,480 --> 00:13:37,150","And then he told me to do it over again.","然後叫我再畫一次。"
"00:13:37,150 --> 00:13:38,484","Cambell: He'll probably Frankenstein that one and that'll be the...","Cambell：他大概會把那張拼拼湊湊，然後變成……"
"00:13:38,484 --> 00:13:41,154","Bagel: Oh, speak of the devil. Cambell: ...the biggest idea.","Bagel：喔，說曹操曹操到。Cambell：……最重要的點子。"
"00:13:44,090 --> 00:13:45,658","Schafer: You guys talking about something?","Schafer：你們在說什麼？"
"00:13:45,658 --> 00:13:47,193","That's cool.","那很酷。"
"00:13:47,193 --> 00:13:49,462","Weird porcupine guys.","奇怪的豪豬人。"
"00:13:49,462 --> 00:13:51,464","Bagel: It's like moving, uh, on land. Schafer: That's awesome.","Bagel：就像在陸地上移動。Schafer：太棒了。"
"00:13:51,464 --> 00:13:55,768","Chan: I have a lot of faith in Tim, and all we have to do is plant a few seeds","Chan：我對 Tim 很有信心，我們只要撒下幾顆種子，"
"00:13:55,768 --> 00:13:58,137","and he'll start running with it, right?","他就會接著發揮，對吧？"
"00:13:58,137 --> 00:13:59,772","Cambell: Yeah, planting seeds.","Cambell：是啊，播種。"
"00:13:59,772 --> 00:14:02,675","Yeah, you don't know what seeds will turn into rad stuff, man.","對啊，你不知道哪些種子最後會長成超酷的東西，老兄。"
"00:14:02,840 --> 00:14:24,664","[Music] Cambell: So it's just a list of possible room ideas and experiences, you know?","[音樂] Cambell：所以這只是一份可能的房間點子和體驗清單，你懂嗎？"
"00:14:24,664 --> 00:14:27,200","Just kind of--like, some of them are just words.","有點像……有些就只是幾個詞。"
"00:14:27,200 --> 00:14:30,103","They may make us think about some interesting things, you know?","它們也許會讓我們想到一些有趣的東西。"
"00:14:30,103 --> 00:14:32,405","Like wild jungle. It's fun for people.","像是野性叢林，大家會覺得好玩。"
"00:14:32,405 --> 00:14:39,078","A sunny beach, candy room, garden zone for, like, the tender side of boys.","陽光海灘、糖果房、花園區，給男孩比較溫柔的那一面。"
"00:14:39,520 --> 00:14:44,817","[Laughing] Maybe those seeds will grow into amazing things","[笑] 也許那些種子會長成神奇的東西"
"00:14:44,817 --> 00:14:48,554","and then we'll realize that those amazing things are actually terrible.","然後我們會意識到 那些令人驚訝的事情其實是可怕的。"
"00:14:48,554 --> 00:14:52,458","So we'll just cover them up with a sheet and then move on to the next thing.","所以我們就拿布把它們蓋起來，繼續做下一個東西。"
"00:14:52,458 --> 00:14:54,293","Who knows?","誰知道呢？"
"00:14:54,293 --> 00:14:58,598","You know, fireball, soccer, playin' with fireballs are really fun, probably, for boys.","像火球、足球，玩火球對男孩來說大概會很有趣。"
"00:14:58,598 --> 00:15:02,735","Laser zone--anything can be made into lasers, so you can eat sandwiches of lasers,","雷射區，任何東西都可以變成雷射，所以你可以吃雷射三明治，"
"00:15:02,735 --> 00:15:06,272","you could just shoot 'em, ride 'em, dodge 'em. You know.","你可以射它們、騎它們、閃它們，你懂的。"
"00:15:06,272 --> 00:15:09,142","I'll just do drawings and try to get people pumped.","我就負責畫圖，試著讓大家嗨起來。"
"00:15:09,142 --> 00:15:11,444","It's my--That'll be my role.","那就是我的角色。"
"00:15:11,444 --> 00:15:16,282","So this is like, just, could be waterfalls and different things of goop, and it could be falling down,","所以這裡可能是瀑布，或各種黏糊糊的東西往下流，"
"00:15:16,282 --> 00:15:17,884","or this could be barf, you know?","也可能是嘔吐物，你懂吧？"
"00:15:17,884 --> 00:15:23,256","And it could be like animal, or, you know, creatures made of barf kind of unhappy or happy, you know?","可以是動物，或是用嘔吐物做成的生物，有點不開心或很開心之類的。"
"00:15:23,256 --> 00:15:25,224","Like, and they can be barfing new creatures.","像是牠們可以吐出新的生物。"
"00:15:25,224 --> 00:15:28,194","It could just be barf zone, you know what I mean?","也可以直接是嘔吐區，你懂我的意思吧？"
"00:15:28,194 --> 00:15:31,030","Schafer: Was there a period in your life where you had a barf thing?","Schafer：你人生中有一段特別迷嘔吐物的時期嗎？"
"00:15:31,030 --> 00:15:32,465","Cambell: People love barf, dude.","Cambell：大家都愛嘔吐物啦，老兄。"
"00:15:32,465 --> 00:15:34,567","Schafer: Oh, no, they don't.","Schafer：喔，不，他們才不愛。"
"00:15:34,567 --> 00:15:37,703","Cambell: At this point, everything is disposable and stuff, so.","Cambell：在這個階段，所有東西都可以丟掉之類的，所以……"
"00:15:37,703 --> 00:15:43,876","That's the thing about creative processes, like, you wanna go down every road fully","創作過程就是這樣，你會想把每一條路都徹底走一遍，"
"00:15:43,876 --> 00:15:45,511","to realize that road is wrong.","才會發現那條路是錯的。"
"00:15:45,511 --> 00:15:50,750","You can't just go down a little bit and be, ""Ooh, uh..."" You gotta really test that water fully","你不能只走一小段就說：「喔，呃……」你得真的把水溫試到底，"
"00:15:50,750 --> 00:15:52,618","before you can realize that's a terrible road.","才會知道那是一條爛路。"
"00:15:52,618 --> 00:15:55,421","And then you go down the next road.","然後再走下一條路。"
"00:15:55,421 --> 00:16:01,394","Rice: This is a list of locations from our backers on the forums.","Rice：這是我們在論壇上贊助者的地點清單。"
"00:16:01,394 --> 00:16:06,032","Petty: You know, some of the stuff, we're just incorporating backer-- uh, backer ideas, which was cool.","Petty：有些東西我們其實就是把贊助者的點子納進來，這很酷。"
"00:16:06,032 --> 00:16:09,335","You know, but they don't really know anything about the story, which is kind of cool at this phase, right,","但他們其實不太知道故事內容，而這個階段這樣反而滿酷的，對吧？"
"00:16:09,335 --> 00:16:13,339","that they don't really have to, that maybe some of those things will wind up working in ways.","他們其實也不需要知道，也許其中一些東西最後會以某種方式派上用場。"
"00:16:13,339 --> 00:16:15,374","Rice: I went through the first ten pages so far.","Rice：我目前看完前十頁了。"
"00:16:15,374 --> 00:16:16,676","Schafer: Oh my God, how many pages are there?","Schafer：天啊，總共有幾頁？"
"00:16:16,676 --> 00:16:18,878","Rice: I know, there's 38 or something like that.","Rice：我知道，大概有 38 頁之類的。"
"00:16:18,878 --> 00:16:20,346","Um, we're still in girl world.","我們還在女孩世界。"
"00:16:20,346 --> 00:16:22,014","Sand castle world?","沙城堡世界？"
"00:16:22,014 --> 00:16:23,115","That's a new one. Bagel: Sand castles.","這是新的。Bagel：沙堡。"
"00:16:23,115 --> 00:16:24,617","Rice: Sand castle world.","Rice：沙城堡世界。"
"00:16:24,617 --> 00:16:26,118","Boy world.","男孩世界。"
"00:16:26,118 --> 00:16:29,388","A haunted lighthouse on the moon.","月亮上的鬼燈塔"
"00:16:29,388 --> 00:16:31,090","Schafer: What? Bagel: I didn't see that moon comin'.","Schafer：什麼？Bagel：我沒想到會冒出月亮。"
"00:16:31,090 --> 00:16:37,530","Rice: Um, this dude says, ""Inside of a computer."" This dude says, ""An entire city made of blanket forts.""","Rice：這傢伙說 ""電腦裡"" 這傢伙說 ""整個城市都是用毯子堡壘做的"""
"00:16:37,530 --> 00:16:39,832","That was something. Cambell: Yeah.","那還真有意思。Cambell：對啊。"
"00:16:39,832 --> 00:16:44,070","Rice: MS-DOS world, where everything's made from words.","Rice：MS-DOS 世界，所有東西都是文字做的。"
"00:16:44,070 --> 00:16:46,172","Schafer: That's a text adventure, that's called a text adventure.","Schafer：這是文字冒險 這叫文字冒險"
"00:16:46,172 --> 00:16:52,645","Rice: ""It is a place where you play connect-the-dots to build the location."" Cambell: Fuckin' creative people, dude.","Rice：「那是一個用連連看來建造場景的地方。」Cambell：這些人他媽的真有創意，老兄。"
"00:16:52,645 --> 00:16:54,180","Rice: Yeah. Cambell: It's okay if we use that shit?","Rice：是啊。Cambell：我們用這些點子沒問題嗎？"
"00:16:54,180 --> 00:16:55,581","I mean, dude, we're gonna get...","我的意思是，老兄，我們要去……"
"00:16:55,581 --> 00:16:58,517","Schafer: Yeah. Cambell: ...sued.","Schafer：沒問題。Cambell：……被告。"
"00:16:58,517 --> 00:17:01,320","Seriously, man, fuck, like, I'm so excited to see these lists.","說真的，老兄，靠，我看到這些清單超興奮。"
"00:17:01,320 --> 00:17:04,991","I feel like--I feel like it's cheating, kind of.","我覺得……我覺得這有點像作弊。"
"00:17:04,991 --> 00:17:07,792","Bagel: It's like, uh, they're stoked.","Bagel：就像，呃，他們很興奮。"
"00:17:07,792 --> 00:17:11,162","Like, if somebody gets their idea made, like, that'd be awesome.","如果有人的點子真的被做出來，那會超棒。"
"00:17:11,163 --> 00:17:20,238","Cambell: And there's all these sequels based on that one idea that someone said, then they're gonna start being like, ""Hm, maybe I should have held onto that idea.""","Cambell：如果後來有一堆續集都建立在某個人說的點子上，他們就會開始想：「嗯，也許我當初該把那個點子留著。」"
"00:17:20,239 --> 00:17:22,407","Schafer: The hair trees, wanna mention that.","Schafer：那些頭髮樹，我想提一下。"
"00:17:22,407 --> 00:17:27,346","I love all these guys and that whole story, like, whatever-- I don't even know what it is yet, but like,","我喜歡這些傢伙和那整個故事，不管它是什麼。我甚至還不知道那是什麼，但像是"
"00:17:27,346 --> 00:17:31,250","the idea of going into this, like, grass-covered thing that comes to life.","走進這個覆滿草、會活過來的東西，這個概念很棒。"
"00:17:31,250 --> 00:17:35,621","And this behavior is really cool, it's just like, there's something lazy about it that I like.","而且這種行為真的很酷，有種慵懶的感覺，我很喜歡。"
"00:17:35,621 --> 00:17:37,623","Cambell: We've just been trying to get as much stuff as we can.","Cambell：我們只是盡量收集越多東西越好。"
"00:17:37,623 --> 00:17:41,594","All right, with the big--I just think it's a round hunchback of forest right here.","好，這個大……我覺得這裡就是一團圓圓駝背的森林。"
"00:17:41,594 --> 00:17:44,230","Schafer: It's kind of like those, uh, you know, those places in New Mexico or...","Schafer：就像那些，呃，你知道，那些地方 在新墨西哥州或……"
"00:17:44,230 --> 00:17:50,436","Cambell: We're not getting too into the mechanics of how the ship creates things or how the monster land looks or how the city looks,","Cambell：我們不會太深入研究飛船怎麼創造東西，或怪物之地、城市到底長什麼樣，"
"00:17:50,436 --> 00:17:55,841","but just kind of overall things that might spark stuff for him right now.","而是先做一些整體上可能激發他靈感的東西。"
"00:17:55,841 --> 00:17:57,843","So we'll just do more of that tomorrow.","所以我們明天再做更多"
"00:18:02,280 --> 00:18:29,141","[Music] Chan: I just, uh, did a lot of drawing on my own,","[音樂] Chan：我就是自己畫了很多圖，"
"00:18:29,141 --> 00:18:31,010","you know, self-taught.","你知道，自學的。"
"00:18:31,010 --> 00:18:37,016","I would draw--when I was little, I would draw on paper, and then, if I didn't like something,","我小時候會畫畫 畫在紙上 然後 如果我不喜歡什麼"
"00:18:37,016 --> 00:18:39,185","I would crumple it up and throw it away.","我就會把它揉成一團丟掉。"
"00:18:39,185 --> 00:18:48,461","And I remember my father said to me, um, ""Now, if you-- if you just slide your drawings into the garbage can,","我記得我父親對我說：「如果你把畫直接平放進垃圾桶，"
"00:18:48,461 --> 00:18:54,467","and without crumpling it-- without crumpling it up, you would fit more drawings in the, um, garbage bin,""","不要揉成一團，這樣垃圾桶裡就能放更多畫。」"
"00:18:54,467 --> 00:19:03,075","not knowing that he was going through it later, um, and pulling out the ones he liked, because, um, after he passed away,","我當時不知道他後來會去翻垃圾桶，把他喜歡的挑出來。因為他過世後，"
"00:19:03,075 --> 00:19:09,548","I found a folder that was labeled, uh, ""Peter,"" and I found my old Star Wars drawings.","我找到一個標著「Peter」的資料夾，裡面有我以前畫的《Star Wars》圖。"
"00:19:09,548 --> 00:19:18,157","Uh, if he didn't do that, I wouldn't have any drawings, because I don't-- I don't really keep my--my stuff around.","如果他沒那麼做，我現在一張畫都不會留下來，因為我其實不太留自己的東西。"
"00:19:18,920 --> 00:19:35,274","[Music] As you can see, uh, I tucked in the woods here,","[音樂] 如你所見，我這裡藏在樹林裡，"
"00:19:35,274 --> 00:19:40,880","and this is where I get my inspiration, is, uh, nature.","而我靈感的來源就是大自然。"
"00:19:40,880 --> 00:19:50,656","Um, so, as you know, uh, you're on San Juan Island, and, uh, this is my little studio away from my home,","你們現在在 San Juan Island，這是我離家不遠的小工作室，"
"00:19:50,656 --> 00:19:55,995","and this is where I create, uh, drawings for games and films.","這就是我為遊戲和電影畫畫的地方"
"00:19:55,995 --> 00:20:02,702","I'm, uh, in here eight hours a day, and what's nice is on a beautiful day like today,","我一天大概在這裡待 8 小時，而好處是，像今天這麼漂亮的日子，"
"00:20:02,702 --> 00:20:07,440","I--I, uh, I like to draw outside when I can.","只要可以，我喜歡到外面畫。"
"00:20:07,440 --> 00:20:12,611","When I'm having a creative block, that's the time to go out, you know, go on walks and hikes,","當我遇到創作瓶頸時，就是該出去走走、健行的時候，"
"00:20:12,611 --> 00:20:16,415","and that's important to be creative, too.","這對創意也很重要"
"00:20:16,415 --> 00:20:20,886","I need to create that space to think.","我需要建立思考的空間。"
"00:20:20,886 --> 00:20:22,855","I love it, can't go back.","我很喜歡，已經回不去了。"
"00:20:22,855 --> 00:20:34,366","This fits and feels really, really good for my creative self and for my emotional self and everything else.","這裡真的很適合我，對我的創作狀態、情緒狀態和其他一切都非常好。"
"00:20:34,366 --> 00:20:35,801","It's really good.","真的很好。"
"00:20:35,801 --> 00:20:42,408","""Grim"" actually was my last adventure game, and it was the-- and it was done here on the island.","《Grim Fandango》其實是我上一款冒險遊戲，而且是在這座島上完成的。"
"00:20:42,408 --> 00:20:47,279","It was my first job away from Lucas.","那是我離開 LucasArts 後的第一份工作。"
"00:20:47,279 --> 00:20:55,287","This was my goin' away present, uh, from Lucas, as you can see.","這是我離開時 LucasArts 送我的禮物，如你所見。"
"00:20:55,287 --> 00:21:00,659","Never forget where you started, where you come from, and that's something really important to me.","永遠別忘記自己從哪裡開始、從哪裡來，這對我非常重要。"
"00:21:00,659 --> 00:21:05,264","'Cause that's why, um, I have, like, some Star Wars stuff in here.","所以我這裡才會放一些《Star Wars》的東西。"
"00:21:05,264 --> 00:21:10,136","It's important that I have a few of those things around because that's what inspired me.","身邊放幾樣這種東西很重要，因為它們就是啟發我的東西。"
"00:21:10,136 --> 00:21:11,670","That's what got me started.","是它們讓我走上這條路。"
"00:21:11,670 --> 00:21:17,877","That's why this piece here, by Ralph McQuarrie, is so important to me,","所以這幅 Ralph McQuarrie 的作品對我這麼重要，"
"00:21:17,877 --> 00:21:24,750","'Cause he's the man that, um, inspired me to do what I'm doing now.","因為就是他啟發我去做現在正在做的事。"
"00:21:24,750 --> 00:21:30,122","When I was ten, I didn't know that there was such thing as, a, you know, concept designer,","我十歲時還不知道有所謂的概念設計師，"
"00:21:30,122 --> 00:21:35,461","someone that actually designs something for you to live in for those couple hours,","有人會真的設計出一個世界，讓你在裡面待上幾個小時。"
"00:21:35,461 --> 00:21:40,332","if it was a movie, or--or now, hours playing video games.","如果是電影就是幾個小時，現在玩電玩則可能是好幾個小時。"
"00:21:40,332 --> 00:21:45,037","I mean, it's a--an opportunity to escape and live in that world.","我是說，那是一個逃離現實、住進那個世界的機會。"
"00:21:45,037 --> 00:21:47,139","This is where I draw, mostly.","我主要就在這裡畫圖。"
"00:21:47,139 --> 00:21:53,212","I do everything standing up, and I still draw on paper, as you can see.","我什麼都站著做，而且如你所見，我現在還是在紙上畫。"
"00:21:53,212 --> 00:21:58,284","Down here is, uh, all the bad ideas right here.","下面這裡就是所有爛點子。"
"00:21:58,284 --> 00:22:01,020","See, these are the workups.","你看，這些是草稿。"
"00:22:01,020 --> 00:22:10,196","From this came this one, where it's-- as you can see, is a total mess, and, uh, I try to come up with, uh, some funny ideas,","這一張是從這裡發展出來的。如你所見，它一團亂，我會試著想出一些有趣的點子，"
"00:22:10,196 --> 00:22:13,432","and then from there, becomes this one up here.","然後再從那裡變成上面這張。"
"00:22:13,432 --> 00:22:20,773","And then eventually, I use all those drawings, um, to start my fire in the morning.","最後，我會用那些畫在早上生火。"
"00:22:24,343 --> 00:22:26,212","It's a good lesson on letting go.","這是學會放手的好課。"
"00:22:26,800 --> 00:22:38,490","[Music] I'm gonna show you guys something.","[音樂] 我要給你們看點東西"
"00:22:42,094 --> 00:22:49,235","These are my family photo albums of when Tim and Pete Tscale came to visit,","這些是我的家庭相簿，裡面是 Tim 和 Pete Tscale 來拜訪時的照片，"
"00:22:49,235 --> 00:22:58,110","and, uh, used to do work jams on the island with me at the, uh, farmhouse.","以前會來島上的農舍，跟我一起做工作集思會。"
"00:22:58,110 --> 00:23:04,416","That's, uh, me in my upstairs loft studio out of-- in the farmhouse.","那是我，在農舍樓上的閣樓工作室裡。"
"00:23:04,416 --> 00:23:11,257","And those are all the storyboards for ""Grim Fandango."" And here's me drawing.","那些全都是《Grim Fandango》的分鏡。這是我在畫圖。"
"00:23:11,257 --> 00:23:18,330","I don't remember, but Tim swears that I was drawing so fast I was shooting the little ball tips out.","我不記得了，但 Tim 堅稱我當時畫太快，連筆尖的小滾珠都射出去了。"
"00:23:20,032 --> 00:23:22,134","Is he gonna kill me? I gotta show you this.","他會殺了我嗎？我一定要給你看這個。"
"00:23:22,134 --> 00:23:26,038","I'm not gonna show you the second one, 'cause I know he'll kill me for sure,","我不會給你們看第二張，因為我知道他一定會殺了我，"
"00:23:26,038 --> 00:23:30,542","but I'm gonna give you this one because he looks so good in it.","但我可以給你們看這張，因為他在裡面看起來很帥。"
"00:23:30,542 --> 00:23:33,412","Tim chopping wood.","Tim 砍柴。"
"00:23:36,081 --> 00:23:38,183","And I'm not gonna show you the second one.","我不會給你看第二張"
"00:23:38,183 --> 00:23:42,988","That's a before, and then this one's after.","那是之前的，然後這個是之後的。"
"00:23:44,390 --> 00:23:50,729","""Grim"" is my favorite, um, adventure game that I've ever worked on.","《Grim Fandango》是我做過最喜歡的冒險遊戲。"
"00:23:50,729 --> 00:23:55,267","But who knows, this could be the next favorite game.","但誰知道呢，這款也許會成為下一個最愛。"
"00:23:55,267 --> 00:23:59,838","When I start a project, I start collecting my books.","當我開始一個專案，我開始收集我的書。"
"00:23:59,838 --> 00:24:05,544","It's important to go and do your research, do it the old-fashioned way first.","先用老派的方法做研究很重要。"
"00:24:05,544 --> 00:24:14,186","And I learn more by going to the library and reading up on it instead of just looking for a pretty picture off the internet.","我去圖書館閱讀相關資料，學到的比只在網路上找漂亮圖片還多。"
"00:24:14,186 --> 00:24:20,059","And so for us to create our own village, I think it's important that we, um,","所以我們要建立自己的村莊 我覺得我們……"
"00:24:20,059 --> 00:24:26,165","try to find that happy balance between what we're familiar with as fairytale--","要試著在我們熟悉的童話元素之間找到恰到好處的平衡，"
"00:24:26,165 --> 00:24:30,502","the signature shape is, like, mushrooms, for, like, Alice in Wonderland--","像《Alice in Wonderland》裡那種招牌的蘑菇形狀，"
"00:24:30,502 --> 00:24:35,074","and you balance it with something foreign, something that we're not familiar with.","再用某種異國、我們不熟悉的東西來平衡它。"
"00:24:35,074 --> 00:24:40,813","In Japanese architecture, you can kind of see there's mushrooms in it without even thinking about it.","在日本建築裡，你幾乎不用想就能看出裡面有蘑菇的形狀。"
"00:24:40,813 --> 00:24:47,586","There are these great mushroom shapes that are happening, and so I thought I'd mix that up with,","裡面有很棒的蘑菇形狀，所以我想把它和"
"00:24:47,586 --> 00:24:55,294","um, Scandinavian, like country homes, and that brings in some of the really cute stuff","斯堪地那維亞的鄉村住宅混在一起，這會帶進一些很可愛的元素，"
"00:24:55,294 --> 00:24:58,464","that's happening, see, with the thatched roofing.","你看，像這種茅草屋頂。"
"00:24:58,464 --> 00:25:04,002","Here you can kind of see that my wood-burning stove that I put in the background here","這裡可以看到我放在背景裡的柴爐，"
"00:25:04,002 --> 00:25:08,741","looks like one of these lanterns.","看起來像這些燈籠之一。"
"00:25:08,741 --> 00:25:12,144","It has, like, the mushroom top.","它有那種蘑菇狀的頂。"
"00:25:12,144 --> 00:25:21,820","And so, I'm just figuring that out right now, and then eventually have to pitch this to, um, Tim and Lee,","所以我現在還在摸索，之後終究得把這些點子提給 Tim 和 Lee，"
"00:25:21,820 --> 00:25:26,658","and hopefully sell them the ideas that I have.","希望能說服他們接受我的想法。"
"00:25:26,658 --> 00:25:31,063","Um, yeah, I can't wait.","我等不及了"
"00:25:31,063 --> 00:25:38,137","And then what's nice, though, is that I'm able to shut that door at the end of the day and walk across the lawn and go home,","但最美好的是 我終能關上門 走過草坪回家"
"00:25:38,137 --> 00:25:45,611","and I leave, uh, this game in the studio and it doesn't follow me-- follow me home,","把這款遊戲留在工作室，不讓它跟著我回家，"
"00:25:45,611 --> 00:25:51,316","because my life at home is important.","因為我在家的生活很重要"
"00:25:51,316 --> 00:25:57,156","And, uh, and actually, you know, we should get out of here and spend some time outside.","其實我們應該離開這裡，到外面待一會兒。"
"00:25:57,156 --> 00:26:00,492","That's where some of the better ideas come from.","有些更好的點子就是從那裡來的。"
"00:26:00,960 --> 00:26:31,657","[Music] Cambell: My name's Scott Campbell and I live here in New York City.","[音樂] Cambell：我叫 Scott Campbell，住在紐約市。"
"00:26:31,657 --> 00:26:34,593","We are in my apartment, which also is my studio.","我們現在在我的公寓，這裡也是我的工作室。"
"00:26:34,593 --> 00:26:42,868","I'm an illustrator and I've worked at Double Fine, uh-- I think I was employee number six in 2001,","我是插畫家，也曾在 Double Fine 工作。呃……我想我是 2001 年的第六號員工，"
"00:26:42,868 --> 00:26:47,206","and I was art director on ""Psychonauts"" and ""Brütal Legend.""","我曾經是《Psychonauts》和《Brütal Legend》的藝術總監。"
"00:26:47,206 --> 00:26:50,442","Production designer for ""Brütal Legend,"" my official title.","《Brütal Legend》的製作設計師，這是我的正式職稱。"
"00:26:50,442 --> 00:26:56,315","When I was working at the studio, like, I liked to go into his office and just kind of show him,","當我在工作室工作的時候，我喜歡去他的辦公室 給他看看"
"00:26:56,315 --> 00:27:01,620","like, uh, the paintings and drawings and stuff, and I would be able to gauge from his--","像是那些畫作、草圖之類的，我就能從他的……"
"00:27:01,620 --> 00:27:03,388","his reaction whether or not it was good.","他的反應判斷那東西好不好。"
"00:27:03,388 --> 00:27:05,858","That's what I miss living here in New York.","這是我住在紐約時會懷念的事。"
"00:27:05,858 --> 00:27:12,197","One thing I know that Tim likes, though-- he likes drawings when they're in cool poses.","不過我知道 Tim 有一點很喜歡，他喜歡角色擺出很酷姿勢的圖。"
"00:27:12,197 --> 00:27:15,767","Even if the designs aren't very good, he just likes poses.","即使設計不好 他也喜歡姿勢"
"00:27:15,767 --> 00:27:21,273","So if there's a dude that I really like the design of, I'll put him in the coolest pose and hope that he digs it.","所以如果我很喜歡某個角色設計，就會讓他擺最酷的姿勢，希望 Tim 會喜歡。"
"00:27:21,273 --> 00:27:26,245","It was one of my favorite poses is putting his-- putting your feet up on something.","我最喜歡的姿勢之一就是把腳翹在某個東西上。"
"00:27:26,245 --> 00:27:30,082","Always sell Tim on this pose.","這個姿勢總能說服 Tim。"
"00:27:30,082 --> 00:27:34,019","I haven't talked to Tim since the very beginning, so I don't know how it's evolved, you know?","我從最一開始之後就沒再跟 Tim 談過，所以不知道它後來怎麼發展。"
"00:27:34,019 --> 00:27:38,190","Just when Tim first pitched the game to Bagel and I, he came here to New York.","Tim 第一次向 Bagel 和我提這款遊戲時，他來到紐約。"
"00:27:38,190 --> 00:27:43,195","We had some, uh, some sangria and some tacos and we talked about it and he gave us the pitch.","我們喝了點桑格利亞、吃了些塔可，聊了這件事，他也向我們提案。"
"00:27:43,195 --> 00:27:48,267","And so after that, you know, Bagel--Bagel and I just kind of started just gathering our friends","之後 Bagel……Bagel 和我就開始找朋友們一起來，"
"00:27:48,267 --> 00:27:53,172","and just trying out drawing the main two characters and some basic environment ideas.","試圖畫出兩個主角和一些基本環境想法"
"00:27:53,172 --> 00:27:57,276","Pre-production is like when you get started and you start dream-- dream the dreams, you know?","前期製作就像剛開始時，你開始做夢，做那些夢，懂嗎？"
"00:27:57,276 --> 00:28:01,046","It can be anything you want and stuff, and you're just kind of gathering inspiration.","它可以變成任何你想要的樣子，而你就是在收集靈感。"
"00:28:01,046 --> 00:28:06,718","Gathering reference is like-- it's like my favorite part, so I'm constantly taking stuff from the internet,","收集參考資料就像…… 這就像我最喜歡的部分 所以我經常從網路上拿東西"
"00:28:06,718 --> 00:28:08,554","like gathering images and stuff.","像是收集圖片之類的。"
"00:28:08,554 --> 00:28:13,825","It's just like if ever I hit-- if ever I see something cool, I'll just kind of take it and put it in a folder for later.","只要我碰到……只要看到很酷的東西，就會把它存起來，先放進資料夾裡。"
"00:28:13,825 --> 00:28:18,697","Just like kind of the effects or the colors, I don't know what it would inspire, but it just makes me feel pretty good.","可能只是某種效果或顏色，我不知道它會激發什麼，但它讓我感覺很好。"
"00:28:18,697 --> 00:28:21,166","I just think that's an odd scene.","我只是覺得這場戲很奇怪"
"00:28:21,166 --> 00:28:25,270","This is a nice soft picture of a lady that makes me feel pretty good.","這張美麗的女士照片讓我感覺很好"
"00:28:25,270 --> 00:28:27,039","I don't know what these are gonna inspire at all, you guys.","各位，我完全不知道這些會激發出什麼。"
"00:28:27,039 --> 00:28:31,476","I--I do all the drawings like kind of this just on pieces of paper like this.","我……我所有這類圖都是畫在這種紙上。"
"00:28:31,476 --> 00:28:37,015","I just draw on Xerox paper and stuff, and I, like, I just scan 'em in and kind of make 'em","我就畫在 Xerox 紙之類的東西上，然後掃進電腦，再把它們弄得"
"00:28:37,015 --> 00:28:39,384","look better later, pretty much, so.","之後再讓它們看起來好一點，差不多就是這樣。"
"00:28:39,384 --> 00:28:44,122","It's easy for me to kind of like chill out in the morning in a café and do drawings like that,","早上在咖啡館放鬆一下、畫這種圖，對我來說很容易，"
"00:28:44,122 --> 00:28:49,461","and then kind of like worry about, you know, just so I could kind of-- any way that I kind of relax","然後再去煩別的事。只要能讓我放鬆、"
"00:28:49,461 --> 00:28:55,133","and kind of loosen up and stuff like that, and I find that if I'm not near a computer, I'm most relaxed.","我發現如果我不在電腦附近 我最輕鬆了"
"00:28:55,133 --> 00:28:57,235","This is my little drawing zone.","這是我的小畫區"
"00:28:57,235 --> 00:29:02,441","See, I print out a lot of my-- a lot of my reference and kind of mood boards.","你看，我列印出很多我的 - 很多我的參考和 那種心情板。"
"00:29:02,441 --> 00:29:05,644","So I have this up and I'm constantly kind of changing it out.","所以我把這些貼起來，也會一直更換。"
"00:29:05,644 --> 00:29:09,147","You know, update it, and with new things, make me feel different ways, so.","不斷更新，換上新東西，讓我產生不同的感覺。"
"00:29:09,147 --> 00:29:10,782","So here are some paintings.","這是一些畫作"
"00:29:10,782 --> 00:29:17,322","So I painted these girls from-- these are from the game, and so I just print out-- print them out,","所以我把這些女孩畫出來…… 這些是遊戲上的，所以我把他們印出來……"
"00:29:17,322 --> 00:29:23,195","and then just kind of trace 'em onto the paper, and then start--start water coloring like that.","然後把它們描到紙上，再開始像這樣上水彩。"
"00:29:23,195 --> 00:29:24,663","This could be the girl, you guys.","這可能是那個女孩，你們這些傢伙。"
"00:29:24,663 --> 00:29:28,433","This could be the-- this could be the--the drawing.","這可能會是……這可能會是那張圖。"
"00:29:28,433 --> 00:29:31,236","So let's see what happens together, shall we?","我們一起看看會發生什麼，好嗎？"
"00:29:31,236 --> 00:29:33,138","I'm gonna give her this little dress here.","我要給她這件小裙子"
"00:29:33,138 --> 00:29:35,374","I'm not exactly sure what that's made of.","我不太清楚那是什麼做的"
"00:29:35,374 --> 00:29:38,343","Noodle arms. Well, it doesn't really look like noodle arms.","麵條手臂。看起來不像麵條手臂。"
"00:29:38,343 --> 00:29:40,178","Okay, there she is.","好，她在那裡。"
"00:29:40,178 --> 00:29:42,314","That's one version.","這是一個版本。"
"00:29:42,314 --> 00:29:45,284","Maybe she has a little buddy, her magical buddy.","也許她有個小朋友 她的神奇朋友"
"00:29:45,284 --> 00:29:47,219","We'll see. There you go.","等著瞧吧 好了"
"00:29:47,219 --> 00:29:49,087","This is, uh, concept art.","這就是概念美術。"
"00:29:52,591 --> 00:29:54,059","That's--that's how it works.","就是這樣的"
"00:29:54,059 --> 00:29:56,528","That's how magic works.","魔法就是這樣運作的。"
"00:29:56,528 --> 00:30:02,134","Oh, here's a painting that Bagel did of Obama a long time ago.","喔，這是 Bagel 很久以前畫的 Obama。"
"00:30:02,134 --> 00:30:03,669","Bagel and I are really tight bros.","Bagel 和我是很要好的兄弟。"
"00:30:03,669 --> 00:30:08,607","I moved here, um, about four years ago, and he moved here like a month after.","我大概四年前搬來這裡，他差不多一個月後也搬來。"
"00:30:08,607 --> 00:30:14,212","He stayed with our other friend, and then he would just work out of my house 'cause we were still workin' for Double Fine out of my house.","他當時住在我們另一個朋友那裡，後來就常在我家工作，因為我們還是在我家替 Double Fine 工作。"
"00:30:14,212 --> 00:30:17,449","And then he just was always over here, so he just found a place over here.","後來他一直跑來這邊，所以乾脆在這附近找了地方住。"
"00:30:17,449 --> 00:30:19,017","Yeah, he's super close.","對，他住超近。"
"00:30:19,017 --> 00:30:21,453","I mean, we can just walk there right now even.","我是說，我們現在可以走過去了"
"00:30:21,453 --> 00:30:24,322","[Offscreen] Okay, and then we cut to us over there.","[畫外音] 好，然後剪到我們在那邊。"
"00:30:24,322 --> 00:30:25,524","Okay, cool.","好，酷。"
"00:30:30,228 --> 00:30:32,798","Cambell: That's his window up there.","Cambell：上面那個就是他的窗戶。"
"00:30:32,798 --> 00:30:35,100","Bagel!","Bagel！"
"00:30:37,035 --> 00:30:39,237","Hey, bro. Bagel: Hey, buddy!","嘿，兄弟。Bagel：嘿，兄弟！"
"00:30:39,237 --> 00:30:41,373","It's a little tight, sorry, guys.","有點擠，抱歉，各位。"
"00:30:41,373 --> 00:30:45,077","I was gonna try to clean all this stuff up, but I didn't.","我本來想把這些東西都收一收，但我沒有。"
"00:30:45,077 --> 00:30:46,344","Cambell: That's okay, man.","Cambell：沒關係"
"00:30:46,344 --> 00:30:52,784","Bagel: This is my bedroom here and my studio where I paint and where I sleep.","Bagel：這是我的臥室和工作室 我畫畫和睡覺的地方"
"00:30:52,784 --> 00:30:55,487","There's my bed, there's my bathroom.","那是我的床，那是我的浴室。"
"00:30:55,487 --> 00:30:57,255","It's pretty amazing.","太神奇了"
"00:30:57,255 --> 00:30:59,057","Um, it's clean.","嗯，它是清白的。"
"00:30:59,057 --> 00:31:01,827","And this is my kitchen.","這是我的廚房。"
"00:31:01,827 --> 00:31:05,230","This is my view, the projects.","這是我的景觀，國宅。"
"00:31:05,230 --> 00:31:09,367","And this is like this butcher paper that I had that I imagined I was gonna, like, draw all over,","這是我弄來的牛皮紙，我原本想像自己會在上面畫滿東西，"
"00:31:09,367 --> 00:31:11,269","but that's about as far as I've gotten.","但目前也就只做到這樣。"
"00:31:11,269 --> 00:31:14,606","But if I ever want to draw on the wall, I could do it.","但如果我想在牆上畫畫，我可以做到"
"00:31:14,606 --> 00:31:17,509","Painting, I do it--I usually just stick a canvas on the wall.","畫畫 我畫畫 我通常在牆上貼張畫布"
"00:31:17,509 --> 00:31:22,314","You could see, like, all these paint marks like underneath that map.","你可以看到那張地圖下面有一堆顏料痕。"
"00:31:22,314 --> 00:31:25,984","I just like tack up a canvas on the wall and start paintin' on it, usually.","我只是喜歡把畫布掛在牆上 開始畫畫"
"00:31:25,984 --> 00:31:27,652","Yeah, no easel.","對，沒有畫架。"
"00:31:27,652 --> 00:31:33,225","So I'm just in the sketching phase kind of now, and I do that all right here on the computer.","所以我現在大概還在草圖階段，這些全都在這台電腦上做。"
"00:31:33,225 --> 00:31:35,994","I have, like, one show a year that's kind of like my sketch.","我大概一年辦一次展，那有點像我的草圖。"
"00:31:35,994 --> 00:31:39,397","I just work--do work stuff and then have, like, a solo show.","我就是工作、做案子，然後辦一次個展。"
"00:31:39,397 --> 00:31:44,603","That's the--how it's been goin' the last, like, three years, so I just have like one big show to worry about a year.","過去大概三年都是這樣，所以我一年只需要煩一場大型展覽。"
"00:31:44,603 --> 00:31:47,739","Some stuff I had in the show last year.","我去年的表演中有些東西"
"00:31:47,739 --> 00:31:52,077","18 Dads, it's a bunch of dads.","《18 Dads》，就是一堆爸爸。"
"00:31:52,077 --> 00:31:53,545","This is just random pieces of paper.","這些只是零散的紙張。"
"00:31:53,545 --> 00:31:56,448","This is like how I organize myself, I guess.","我想這就是我整理自己的方式。"
"00:31:56,448 --> 00:32:02,187","These are just studies, like color studies, like N.C. Wyeth and, uh, that's the illustrator that I like.","這些只是練習，像色彩研究，像 N.C. Wyeth，他是我喜歡的插畫家。"
"00:32:02,187 --> 00:32:03,655","Just weird doodles.","就是怪怪的塗鴉。"
"00:32:03,655 --> 00:32:08,293","First kind of color sketch of that thing, yeah.","那個東西的第一版色彩草圖，對。"
"00:32:08,293 --> 00:32:11,263","Tim hadn't even really talked about the idea that he had yet.","Tim 當時甚至還沒真正談過他的想法。"
"00:32:11,263 --> 00:32:15,767","I would just kind of throw things at him every week, and sometimes he would say that he liked little things","我每個星期都會丟一些東西給他看，有時候他會說喜歡其中某些小地方，"
"00:32:15,767 --> 00:32:19,371","or he would just grab onto something and then I would take it, or, you know,","或是他會抓住某個東西，然後我就拿去發展，或是，你懂的，"
"00:32:19,371 --> 00:32:22,441","just kind of push things or try other things out.","繼續推進那些東西，或試試別的方向。"
"00:32:22,441 --> 00:32:28,046","And so, um, I worked out this kind of story about this weird lumberjack and a bear.","所以我想出了一個關於怪伐木工和熊的故事。"
"00:32:28,046 --> 00:32:35,120","Like he washes up on this mysterious island, and it's like a magical island in some huge lake","像是他被沖上這座神秘島嶼，那是一座位在巨大湖泊中的魔法島，"
"00:32:35,120 --> 00:32:36,555","in the Pacific Northwest.","在太平洋西北地區。"
"00:32:36,555 --> 00:32:39,825","This is kind of where the prototype started.","原型就是從這裡開始的"
"00:32:39,825 --> 00:32:44,429","Yeah, I had an idea that this, like, caveman got unfrozen with this dinosaur and they ended up, like,","是的，我有個想法，這個洞穴人 被這恐龍解凍，最後，像，"
"00:32:44,429 --> 00:32:46,498","in the--what was it, like, Virginia?","在那個……是哪裡，像維吉尼亞嗎？"
"00:32:46,498 --> 00:32:48,333","The mountains of Virginia and stuff?","維吉尼亞的山？"
"00:32:48,333 --> 00:32:56,007","And it--it was gonna be all like, uh, bluegrass soundtrack, fish-out-of-water style, and then they would, like,","然後它會有藍草音樂配樂，走格格不入的風格，然後他們會像是"
"00:32:56,007 --> 00:33:00,479","all play music together or something, but I don't think that's gonna happen.","一起演奏音樂之類的，但我覺得那不會發生了。"
"00:33:00,479 --> 00:33:04,115","This is where that lumberjack dude is right now.","伐木工現在就在這"
"00:33:04,115 --> 00:33:09,254","He's gonna be a puppet, so we're, like, separating all of his limbs.","他會做成可操控的偶，所以我們要把他的四肢都拆開。"
"00:33:09,254 --> 00:33:10,722","I gotta cut him all up.","我得把他整個切開。"
"00:33:10,722 --> 00:33:18,430","You know, break him up into kind of joints, but really simple puppet-style, so, you know, at the knees, at the elbows, and puppetize him","把他拆成一個個關節，但用很簡單的紙偶方式，像膝蓋、手肘那些地方，把他做成偶，"
"00:33:18,430 --> 00:33:20,632","for Ray to start animating this week.","讓 Ray 這週開始做動畫。"
"00:33:20,632 --> 00:33:24,769","You know, in between these rotating poses, he can, you know, supposedly make him look","在這些旋轉姿勢之間，他應該可以讓他看起來"
"00:33:24,769 --> 00:33:26,671","like he's going back and forth.","像是在前後移動。"
"00:33:26,671 --> 00:33:33,645","So I gotta like paint what's gonna be behind the arms, but he's gonna move it around, so you gotta see what's behind here.","所以我得畫出手臂後面會露出的東西，因為他會移動它，你就得看得到後面的部分。"
"00:33:33,645 --> 00:33:39,217","Uh, this game is gonna be so totally different and new, so who knows, you know?","這款遊戲會非常不同、非常新，所以誰知道呢？"
"00:33:39,217 --> 00:33:43,788","It's gonna be exciting when we start getting into like, uh, the real deal.","等我們真的開始進入正題時，一定會很令人興奮。"
"00:33:43,788 --> 00:33:46,324","I'm lookin' forward to that, it's gonna be awesome.","我很期待，會很棒的"
"00:33:46,324 --> 00:33:48,093","Schafer: I've always loved Bagel's paintings.","Schafer：我一直很喜歡 Bagel 的畫。"
"00:33:48,093 --> 00:33:55,133","He's, um, when he does his fine art shows and galleries, he does these crazy works that are somewhat surreal,","他辦純藝術展、在畫廊展出時，會做出一些很瘋狂、帶點超現實的作品，"
"00:33:55,133 --> 00:33:59,771","you know, playing with scale and playing with a mix of cartoony and, like, realism.","會玩弄比例，也會混合卡通感和寫實感。"
"00:33:59,771 --> 00:34:04,709","He can do realistic stuff really well, mixes it with cartoony stuff and otherworldly type landscapes,","他很擅長寫實的東西，又能和卡通感、異世界般的風景混在一起，"
"00:34:04,709 --> 00:34:10,447","and I think--I wanna do a whole game that'll look like those landscapes and with those strange characters.","我想……我想做一整款看起來像那些風景、充滿那些奇怪角色的遊戲。"
"00:34:10,447 --> 00:34:12,149","Bagel: Check it out.","Bagel：看"
"00:34:12,150 --> 00:34:14,286","Franzke: It takes a while to actually be responsive, for some reason.","Franzke：因為某種原因，"
"00:34:14,286 --> 00:34:16,121","Bagel: No way!","Bagel：真的假的！"
"00:34:16,121 --> 00:34:18,290","Man, that looks so cool on the iPad.","天啊，在 iPad 上看起來超酷。"
"00:34:18,290 --> 00:34:19,456","Rice: Isn't that awesome?","Rice：很棒吧？"
"00:34:19,456 --> 00:34:21,225","Schafer: Did you see that?","Schafer：你看到了嗎？"
"00:34:21,226 --> 00:34:23,194","Bagel: Is it like a touch and then he walks toward your finger?","Bagel：是點一下，他就會朝你的手指走過去嗎？"
"00:34:23,194 --> 00:34:24,462","Rice: Just touch down.","Rice：只要點住。"
"00:34:24,462 --> 00:34:26,464","You have to be in the foreground.","你得在前景才行。"
"00:34:26,464 --> 00:34:27,766","Schafer: We can't go in the back with all the layers yet?","Schafer：現在還不能走到後面那些圖層去嗎？"
"00:34:27,766 --> 00:34:29,701","Oliver: Not right now, not this version.","Oliver：不是現在，不是這個版本。"
"00:34:29,701 --> 00:34:31,303","Rice: But you can walk around.","Rice：但你可以到處走走"
"00:34:31,303 --> 00:34:32,637","Bagel: It's insane.","Bagel：太瘋狂了"
"00:34:34,472 --> 00:34:38,176","Schafer: It makes me so happy 'cause it's on an iPad and it looks pretty.","Schafer：這讓我超開心，因為它在 iPad 上，而且看起來很漂亮。"
"00:34:38,176 --> 00:34:41,780","In the end, all the art will go through Nathan, as he paints the final stuff.","最後所有美術都會經過 Nathan，由他來畫最終稿。"
"00:34:41,780 --> 00:34:45,283","So it's all gonna look like his style, so it'll all be unified.","所以所有東西都會呈現他的風格，也就會統一起來。"
"00:34:45,283 --> 00:34:50,188","You're just gonna see his take on the other artists' ideas and drawings.","你會看到他對其他藝術家的想法和畫作的看法"
"00:34:50,188 --> 00:34:54,491","This'll be more than any game we've done before, like, uh, in the end, you know,","這會比我們以前做過的任何遊戲都更像是，到了最後，"
"00:34:54,492 --> 00:34:57,027","a game where Bagel really gets to shine.","一款能讓 Bagel 真正發光發熱的遊戲。"
"00:34:57,027 --> 00:35:00,365","Bagel: Yeah, I mean, I guess, I mean, and theoretically, he should be darker, like, you know?","Bagel：對，我是說，我想理論上他應該更暗一點，你懂嗎？"
"00:35:00,365 --> 00:35:02,200","I think he's too light right now.","我覺得他現在太亮了。"
"00:35:02,200 --> 00:35:06,304","Like, he should blend--the colors, I think, should blend more with the environment.","他應該更融入……我覺得顏色應該更融入環境。"
"00:35:06,304 --> 00:35:09,641","But, um, that's--that-- it's just not in yet.","不過那個……那個現在還沒放進去。"
"00:35:09,641 --> 00:35:11,343","It's, uh...","是……"
"00:35:11,343 --> 00:35:16,681","Lee's gonna do some effects and aftereffects, I think, that lights the character's texture,","我想 Lee 會做一些特效和後製，去打亮角色的材質，"
"00:35:16,681 --> 00:35:19,317","so he would be a lot more blue and dark in this one.","所以在這裡他會更偏藍、更暗。"
"00:35:21,453 --> 00:35:23,054","Nice.","很好"
"00:35:25,690 --> 00:35:27,192","Killer.","太殺了。"
"00:35:27,192 --> 00:35:31,329","I feel pretty awesome about it, I think.","我覺得挺不錯的"
"00:35:31,329 --> 00:35:33,098","I feel great about everything.","我對一切感覺都很好"
"00:35:33,098 --> 00:35:38,036","Uh, yeah, I think--it's--I'm, like, interested to see how it's gonna go, you know?","嗯，對，我很想看看它最後會變成怎樣。"
"00:35:38,036 --> 00:35:41,373","Like I hope those guys don't hate my paintings of their paintings.","我希望那些人不會討厭我把他們的畫重新畫成我的版本。"
"00:35:41,373 --> 00:35:45,610","You know, it's awesome 'cause they're just gonna be in a sweet painting world.","這很棒，因為他們會進到一個超讚的繪畫世界裡。"
"00:35:45,610 --> 00:35:52,317","Like, that's-- that gets me pumped that people are gonna be able to, like, explore my paintings, you know?","這點讓我很興奮，因為大家可以探索我的畫作，你懂嗎？"
"00:35:55,186 --> 00:35:57,689","Rice: That's hilarious.","Rice：真好笑"
"00:35:57,689 --> 00:36:02,394","Bagel: That's amazing, though, dude. Rice: Oh, man, that's super good.","Bagel：不過那真的很厲害，老兄。Rice：天啊，超棒的。"
"00:36:02,394 --> 00:36:08,466","Crook: So I'm actually scaling the arms a little bit so that it feels like they go-- Yeah, they get a little bit of perspective.","Crook：所以我其實把手臂稍微縮放了一下，讓它感覺像是……對，有一點透視感。"
"00:36:08,466 --> 00:36:09,801","And the feet. Rice: Yeah.","還有腳。Rice：對。"
"00:36:09,801 --> 00:36:13,104","Bagel: That totally, uh, that totally works.","Bagel：那完全……那完全可行。"
"00:36:13,104 --> 00:36:18,143","Petty: It's weird, it's a hybrid process 'cause it's like you're doing a 2D painting, but then we do have to get it on a 3D geometry,","Petty：這很奇妙，是一種混合流程，因為你像是在做 2D 繪圖，但我們又得把它放到 3D 幾何上，"
"00:36:18,143 --> 00:36:22,747","so it has some of the cleanup work as if it were a real 3D-- like a full 3D model.","所以也有一些清理工作，像真的 3D，像完整 3D 模型那樣。"
"00:36:22,747 --> 00:36:29,821","Bagel: It depends on how complicated we're gonna get with all the parallaxing and, you know, I have never had to worry about memory issues","Bagel：這要看我們要把視差做得多複雜，而且我以前從來不用擔心記憶體問題"
"00:36:29,821 --> 00:36:38,463","in painting and restrictions, you know, technical restrictions or anything like that, so, yeah,","畫畫時從來不用擔心限制，像技術限制之類的，所以，對，"
"00:36:38,463 --> 00:36:42,667","I mean, it's really, like, gonna be a crazy learning process at the same time, you know?","我是說，這同時也會是很瘋狂的學習過程。"
"00:36:42,667 --> 00:36:52,310","Yeah, putting it all together and makin' it into a working, functional, moving world is, like, I haven't really done that before, so this is a whole--a whole new world.","對，把這些全部組起來，變成一個能運作、有功能、會動的世界，我以前真的沒做過，所以這完全是個新世界。"
"00:36:52,310 --> 00:37:00,151","If I were to say, like, ""Ah, here's this-- here's, like, him the most lit he's gonna be."" Uh, you know, ""Here's him dark as he's gonna be,""","如果我說：「啊，這是他最亮時的樣子。」或是「這是他最暗時的樣子。」"
"00:37:00,151 --> 00:37:03,354","and then, like, you're--okay-- Petty: But I think it solves a different problem, right?","然後你就……好吧。Petty：但我覺得那是在解決另一個問題，對吧？"
"00:37:03,354 --> 00:37:07,792","We're talking about-- like, I think the general color gradients, I think, look good.","我們在說的是……我覺得整體的色彩漸層看起來不錯。"
"00:37:07,792 --> 00:37:09,994","I think the rim lighting is a different thing.","我覺得邊緣光是另一回事。"
"00:37:09,994 --> 00:37:14,999","That's not about lighting as much as it is, like, when there's an intense light source around.","那與其說是一般打光，不如說是周圍有強烈光源時會出現的效果。"
"00:37:14,999 --> 00:37:18,570","It's about just putting a little bit on there to, like, tie him into the scene.","只是稍微加一點，讓他融入場景。"
"00:37:18,570 --> 00:37:21,740","I think, I mean, you read the comments at the forum, and like everyone found it very appealing.","我是說，你看論壇上的留言，大家都覺得很吸引人。"
"00:37:21,740 --> 00:37:24,409","It really helped the tie-in. Bagel: Yeah?","那真的有助於把他融入場景。Bagel：是嗎？"
"00:37:24,409 --> 00:37:27,312","Schafer: Yeah, Bagel is not, um, really, you know, technical.","Schafer：對，Bagel 不是那麼技術取向的人。"
"00:37:27,312 --> 00:37:29,013","He likes to paint.","他喜歡畫畫"
"00:37:29,013 --> 00:37:40,058","He likes to paint on, you know, canvas and paper, and, uh, um, and that's why it's really invaluable to have someone like Lee Petty on the team who can bridge that gap.","他喜歡在畫布和紙上畫畫，所以團隊裡有 Lee Petty 這樣能銜接兩邊的人，真的非常寶貴。"
"00:37:40,058 --> 00:37:46,498","He's a fine artist himself, he can draw, he can paint, but he also knows how to use, um, incredibly advanced,","他自己也是純藝術家，會畫圖、會繪畫，但他也懂得使用非常進階的"
"00:37:46,498 --> 00:37:52,137","you know, techniques and 3D rendering, and, you know, just making games that, you know, a lot of programmers, you know,","那些技術和 3D 算圖，還有做遊戲這件事。很多程式設計師，"
"00:37:52,137 --> 00:37:56,508","he can match programmers sometimes with the knowledge of, um...","有時候他的知識量甚至能跟程式設計師相比……"
"00:37:56,508 --> 00:37:58,443","He's got a lot of knowledge. That's what I'm trying to say.","他懂很多。這就是我想說的。"
"00:37:58,443 --> 00:38:01,513","So it's great to have someone like Lee around who can bridge that gap.","所以身邊有 Lee 這樣能銜接落差的人真的很棒。"
"00:38:01,513 --> 00:38:05,049","Petty: That's why I was saying earlier, don't paint the character dark because you can never get lighter.","Petty：所以我剛才才說，不要把角色畫得太暗，因為之後就很難再變亮。"
"00:38:05,049 --> 00:38:08,119","We want to generally paint him pretty light like this 'cause then he can get darker.","我們通常會想把他畫得像這樣偏亮，因為之後還可以變暗。"
"00:38:08,119 --> 00:38:14,826","Schafer: If you can span both worlds, it's really essential, 'cause you can work with a great artist, but then if that doesn't really translate into the game,","Schafer：如果你能橫跨兩個世界，那真的很重要。因為你可以和很棒的藝術家合作，但如果那些東西沒辦法真正轉進遊戲裡，"
"00:38:14,826 --> 00:38:18,830","you can be, um, it's just a waste.","那就只是浪費而已。"
"00:38:18,830 --> 00:38:24,636","Chan: Yeah, I'm--I'm curious as much as you are, and I have faith that it'll work.","Chan：是的，我…… 我和你一樣好奇，我相信它會成功。"
"00:38:24,636 --> 00:38:33,077","I mean, Tim--see, that's the thing is like, Tim says, ""This is what I--I want to showcase Bagel's style.""","我是說，Tim……你看，重點就是 Tim 說：「我想展現 Bagel 的風格。」"
"00:38:33,077 --> 00:38:36,347","Perfect. I think that's a great idea.","很好 我覺得這是個好主意"
"00:38:36,347 --> 00:38:39,317","And so I trust him.","所以我信任他"
"00:38:39,317 --> 00:38:42,720","If that's what he wants, then-- then there's something there.","如果那是他想要的，那其中一定有道理。"
"00:38:44,322 --> 00:38:46,024","Bagel: Ooh!","Bagel：哦！"
"00:38:46,024 --> 00:38:47,392","Petty: All right, Ray. Crook: Go back to your jam.","Petty：好吧，Ray。Crook：回去繼續你的集思會。"
"00:38:47,392 --> 00:38:48,827","Petty: All right. Bagel: Jam out.","Petty：好。Bagel：繼續集思。"
"00:38:48,827 --> 00:38:50,028","Crook: All right, guys.","Crook：好了，各位。"
"00:38:50,580 --> 00:39:40,011","[Music] Schafer: You know, very early on, I sometimes have","[音樂] Schafer：你知道，在很早期，我有時候會做"
"00:39:40,011 --> 00:39:42,614","these stress nightmares about the game not existing yet.","那種遊戲還不存在的壓力惡夢。"
"00:39:42,614 --> 00:39:49,420","I used to have these nightmares about levels in ""Psychonauts"" that didn't exist yet, and like, I was floating in the undesigned world","我以前常夢到《Psychonauts》裡還不存在的關卡，像是漂浮在尚未設計好的世界裡"
"00:39:49,420 --> 00:39:50,855","and couldn't grab onto anything.","卻抓不到任何東西。"
"00:39:50,855 --> 00:39:56,227","It's just like, it's the stress of things that you haven't really pulled together yet.","那就是那些你還沒真正整合起來的東西帶來的壓力。"
"00:39:56,227 --> 00:40:00,164","And these are like little life preservers and the-- floating in the ocean, like, you grab onto them like,","這些就像小救生圈，漂在海上，你抓住它們，像是："
"00:40:00,164 --> 00:40:07,105","""Ah, ah, now I can breathe and, like, look around and see what else I can pull together to make a raft out of,"" you know?","「啊，現在我可以呼吸了，可以看看周圍還有什麼能湊起來做成一艘筏子。」你懂嗎？"
"00:40:07,105 --> 00:40:08,139","That's a metaphor.","那是個比喻"
"00:40:08,139 --> 00:40:10,608","I like how it's like lighthouse with the haunted house on top of it.","我喜歡上面有鬼屋的燈塔"
"00:40:10,608 --> 00:40:13,645","Petty: Yeah, it's basic-- Chan: I can go home now? Schafer: What?","Petty：對，基本上……Chan：我現在可以回家了嗎？Schafer：什麼？"
"00:40:13,645 --> 00:40:15,146","Petty: Peter Chan. Bagel: Thank you.","Petty：Peter Chan。Bagel：謝謝你。"
"00:40:15,146 --> 00:40:18,016","Schafer: Peter Chan, yeah, Peter Chan.","Schafer：Peter Chan，對，Peter Chan。"
"00:40:18,016 --> 00:40:20,451","Oh, Bagel's posting! Bagel, Bagel.","喔，Bagel 要貼了！Bagel，Bagel。"
"00:40:20,451 --> 00:40:22,487","Chan: Bagel!","Chan：Bagel！"
"00:40:22,487 --> 00:40:23,621","Bagel: Yeah. Chan: Yeah.","Bagel：對。Chan：對。"
"00:40:23,621 --> 00:40:24,789","Bagel: Jump in there.","Bagel：加進去。"
"00:40:24,789 --> 00:40:27,525","Schafer: Bagel.","Schafer：Bagel。"
"00:40:27,525 --> 00:40:30,561","Okay. Bagel: Floating island maybe that-- Schafer: What's on the floating island?","好。Bagel：浮島也許會……Schafer：浮島上有什麼？"
"00:40:30,561 --> 00:40:32,330","What are all these guys jumping off?","這些傢伙都跳下來了？"
"00:40:32,630 --> 00:40:34,866","Penguins? Bagel: Maybe they're loomin' outside the bushes.","企鵝？Bagel：也許牠們在灌木外面若隱若現。"
"00:40:34,866 --> 00:40:37,135","Cambell: You should scan those in. Schafer: Crazy imagination.","Cambell：你應該把那些掃進去。Schafer：想像力真瘋狂。"
"00:40:37,135 --> 00:40:39,037","Bagel: Yep, crazy imagination.","Bagel：對，瘋狂的想像力。"
"00:40:39,037 --> 00:40:42,240","Schafer: Bradbury early folklore-- Mars folklore.","Schafer：Bradbury 早期民俗……火星民俗。"
"00:40:42,240 --> 00:40:44,609","Ooh, I like Mars folklore. Bagel: Mars folklore.","喔，我喜歡火星民俗。Bagel：火星民俗。"
"00:40:44,609 --> 00:40:46,544","Yeah, okay, bros, I'm out of here.","好，兄弟，我走了"
"00:40:46,544 --> 00:40:47,645","Schafer: Aw!","Schafer：喔！"
"00:40:47,645 --> 00:40:50,148","Cambell: What?","Cambell：什麼？"
"00:40:50,148 --> 00:40:52,083","Schafer: Aw, why?","Schafer：為什麼？"
"00:40:52,083 --> 00:40:54,285","Thank you for comin'. Cambell: See you, buddy.","謝謝你過來。Cambell：再見，兄弟。"
"00:40:54,285 --> 00:40:55,687","Bagel: All right.","Bagel：好吧"
"00:40:55,687 --> 00:40:56,988","Bye, bros.","拜拜，兄弟"
"00:40:56,988 --> 00:40:59,691","-All right, buddies. [Offscreen] Bye, Bagel!","-好了，兄弟們。[畫外音] 掰，Bagel！"
"00:40:59,691 --> 00:41:02,493","Chan: Well, I came over to say goodbye.","Chan：我是來道別的"
"00:41:02,493 --> 00:41:04,462","Schafer: Next time, we come up to you.","Schafer：下次我們來找你"
"00:41:04,462 --> 00:41:07,165","Chan: Yeah. Schafer: It's gonna be awesome.","Chan：好啊。Schafer：一定會很棒。"
"00:41:07,165 --> 00:41:08,766","Oh, Jesus.","天啊"
"00:41:10,401 --> 00:41:11,803","Chan: I know.","Chan：我知道"
"00:41:11,803 --> 00:41:23,480","[Laughter] [Music]","[笑聲] [音樂]"
"00:41:24,682 --> 00:41:30,021","Schafer: These are just some, uh, see, Scott is doing some crazy people, which I like.","Schafer：這些只是一些……你看，Scott 畫了一些瘋狂的人物，我很喜歡。"
"00:41:30,021 --> 00:41:33,825","And Lee did some crazy monsters, which I love those, too.","Lee 畫了一些瘋狂的怪物，我也很喜歡。"
"00:41:33,825 --> 00:41:35,526","This guy's too young, that's wrong.","這傢伙太年輕了 不對"
"00:41:35,526 --> 00:41:36,761","I love that one.","我喜歡那個"
"00:41:36,761 --> 00:41:38,663","Those are freaking me out.","嚇死我了"
"00:41:38,663 --> 00:41:41,199","Um, I don't know what that is.","我不知道那是什麼"
"00:41:41,199 --> 00:41:44,202","The Jedi robe.","絕地長袍。"
"00:41:44,202 --> 00:41:45,403","I don't know about the Jedi robe.","絕地長袍我就不確定了。"
"00:41:45,403 --> 00:41:46,671","Some monsters.","一些怪物。"
"00:41:46,671 --> 00:41:48,339","That is a really scary monster.","這怪物真可怕"
"00:41:48,339 --> 00:41:52,777","I think his little--ugh-- little things up front.","我想他前面的小東西"
"00:41:52,777 --> 00:41:59,550","And Bagel did this one and it's like a mountain that looks like a wig.","Bagel 畫了這張，它像一座看起來像假髮的山。"
"00:41:59,550 --> 00:42:01,352","It's like wig mountain.","就像假髮山。"
"00:42:01,352 --> 00:42:03,154","And that's like a ship, I think.","這就像一艘船，我想。"
"00:42:03,154 --> 00:42:04,989","And these are waves floating.","這些是漂浮的海浪"
"00:42:04,989 --> 00:42:07,258","Little mushroom guy, which I love.","我愛的蘑菇小傢伙"
"00:42:07,258 --> 00:42:08,426","I love these paintings.","我喜歡這些畫"
"00:42:08,426 --> 00:42:10,361","They're so tiny.","它們太小了"
"00:42:10,361 --> 00:42:12,196","Sacrificial altars.","獻祭祭壇。"
"00:42:12,196 --> 00:42:17,435","Here's another vision of the girl's village, really happy and cheerful looking, which I like.","這是女孩村莊的另一種想像，看起來非常快樂、開朗，我很喜歡。"
"00:42:17,435 --> 00:42:19,203","This is crazy.","太瘋狂了"
"00:42:19,203 --> 00:42:24,575","It's like a, um... I don't know what that is.","就像是…… 我不知道那是什麼"
"00:42:24,575 --> 00:42:26,411","God's eye, we just had that idea today.","上帝之眼，這是我們今天才想到的點子。"
"00:42:26,411 --> 00:42:28,279","That one's gonna work, I think.","我覺得那個會行得通。"
"00:42:28,279 --> 00:42:31,549","This is such a great stage in the project 'cause everything's been, like, in my head","這是專案中很棒的一個階段，因為之前所有東西都在我的腦袋裡，"
"00:42:31,549 --> 00:42:38,356","and the people's heads and in my notebook, and now it's just exploded out on the wall for everyone to see.","在大家的腦袋裡，也在我的筆記本裡。現在它整個爆發到牆上，讓所有人都看得見。"
"00:42:38,356 --> 00:42:39,757","Everyone.","各位"
"00:42:40,080 --> 00:43:17,580","[Music]","[音樂]"
